artists,album_name,duration_ms,danceability_x,energy_x,mode_x,acousticness_x,valence_x,tempo_x,time_signature,track_genre,album_id,duration,Album Rating,rating
AJJ,Christmas Island,180771,0.448,0.516,1,0.341,0.29,100.672,4,acoustic,6U05Hnv3V8sm93lErI9rNA,180771.0,28.7,5.0
AJJ,The Bible 2,163385,0.336,0.761,1,0.000546,0.501,127.065,4,acoustic,0umKI9UKmubVWFCDNxlpH2,163385.0,27.0,5.0
The Budos Band,The Budos Band III,158760,0.571,0.877,1,0.344,0.814,120.907,4,afrobeat,4wGhy77LCdzpd7bdUiwQFN,158760.0,21.7,5.0
The Budos Band,The Budos Band III,158760,0.571,0.877,1,0.344,0.814,120.907,4,afrobeat,4wGhy77LCdzpd7bdUiwQFN,158760.0,21.7,5.0
The Souljazz Orchestra,Rising Sun,301986,0.683,0.923,0,0.204,0.892,120.004,4,afrobeat,3PN2MpnnwCXrPbFVxd4PM8,301986.0,16.0,8.0
The Souljazz Orchestra,Rising Sun,301986,0.683,0.923,0,0.204,0.892,120.004,4,afrobeat,3PN2MpnnwCXrPbFVxd4PM8,301986.0,16.0,8.0
MGMT,Little Dark Age,299960,0.705,0.712,1,0.0102,0.62,97.512,4,alt-rock,7GjVWG39IOj4viyWplJV4H,299960.0,83.0,8.0
The Neighbourhood,Hard To Imagine The Neighbourhood Ever Changing,206280,0.575,0.568,0,0.0484,0.37,93.986,4,alt-rock,0ODLCdHBFVvKwJGeSfd1jy,206280.0,75.1,4.0
The Strokes,The New Abnormal,309053,0.593,0.749,1,0.0113,0.649,164.959,4,alt-rock,2xkZV2Hl1Omi8rk2D7t5lN,309053.0,66.0,8.0
The 1975,A Brief Inquiry Into Online Relationships,248335,0.618,0.837,1,0.000254,0.526,121.227,4,alt-rock,6PWXKiakqhI17mTYM4y6oY,248335.0,68.3,6.0
Red Hot Chili Peppers,The Getaway,302000,0.7,0.742,0,0.0722,0.197,91.959,4,alt-rock,43otFXrY0bgaq5fB3GrZj6,302000.0,74.0,5.0
The Strokes,Comedown Machine,204773,0.544,0.241,0,0.983,0.359,109.437,4,alt-rock,4WnkQO4xD9ljQooB3VIxCV,204773.0,60.2,5.0
Dominic Fike,What Could Possibly Go Wrong,139906,0.684,0.856,1,0.342,0.343,117.027,4,alt-rock,1BubKJqf6Uc4fNae5kLJJ7,139906.0,67.5,4.0
Phosphorescent,Muchacho,370200,0.486,0.623,1,0.734,0.525,86.007,4,alt-rock,6rAJ4I8SpPMJj0guCZiAI8,370200.0,62.0,6.0
Bea Miller,Arcane League of Legends (Soundtrack from the Animated Series),230525,0.514,0.704,1,0.0107,0.361,157.4,4,alt-rock,3MdiH74FL8mhlbnR6DcqJd,230525.0,61.0,5.0
Crystal Castles,(III),184760,0.522,0.914,1,0.000164,0.0364,137.939,3,alternative,1NIfkZIYVAO6vnfmFOilHc,184760.0,71.5,4.0
Gorillaz,Plastic Beach,200173,0.676,0.703,0,0.0869,0.852,92.761,4,alternative,2dIGnmEIy1WZIcZCFSj6i8,200173.0,79.0,7.0
Gorillaz,Plastic Beach,200173,0.676,0.703,0,0.0869,0.852,92.761,4,alternative,2dIGnmEIy1WZIcZCFSj6i8,200173.0,79.0,7.0
Gorillaz,Plastic Beach,200173,0.676,0.703,0,0.0869,0.852,92.761,4,alternative,2dIGnmEIy1WZIcZCFSj6i8,200173.0,79.0,9.0
Little Simz,GREY Area,154749,0.436,0.655,1,0.425,0.523,139.712,4,alternative,4Wwm4xg2748zhYuzDRFTgY,154749.0,64.0,9.0
James Blake;Travis Scott;Metro Boomin,Assume Form,193600,0.754,0.37,0,0.403,0.228,114.941,4,alternative,23dKNZpiadggKHrQgHLi3L,193600.0,65.0,7.0
Teyana Taylor,The Album,128652,0.73,0.498,0,0.138,0.498,117.975,4,alternative,11QKDc8OK4rnD3uBs7wKmR,128652.0,66.0,5.0
Slipknot,We Are Not Your Kind,260773,0.427,0.946,1,0.000118,0.237,101.305,4,alternative,754RY5WpZ2LTUZsk8kDBju,260773.0,71.5,6.0
Bicep,Bicep,269149,0.853,0.798,0,0.0158,0.42,129.983,4,ambient,4psDRFbIlUM1KUb1omccXo,269149.0,59.5,7.0
Bicep,Bicep,269149,0.853,0.798,0,0.0158,0.42,129.983,4,ambient,4psDRFbIlUM1KUb1omccXo,269149.0,59.5,7.0
Brian Eno;Jon Hopkins;Leo Abrahams,Small Craft On A Milk Sea,132306,0.324,0.0379,1,0.987,0.0383,120.169,4,ambient,47e7SP8MtzYKK8Lm3gEK2i,132306.0,56.0,8.0
Brian Eno;Jon Hopkins;Leo Abrahams,Small Craft On A Milk Sea,132306,0.324,0.0379,1,0.987,0.0383,120.169,4,ambient,47e7SP8MtzYKK8Lm3gEK2i,132306.0,56.0,8.0
Bicep,Isles,246506,0.819,0.599,1,0.347,0.489,127.986,4,ambient,0EdtTRCl3J22AnWrNpH1w9,246506.0,55.3,5.0
Brian Eno,Apollo,266200,0.257,0.0906,1,0.932,0.0451,67.46,3,ambient,1Z2jkEtW5Sc9wWVxUgyG0E,266200.0,59.0,7.0
Brian Eno,Apollo,266200,0.257,0.0906,1,0.932,0.0451,67.46,3,ambient,1Z2jkEtW5Sc9wWVxUgyG0E,266200.0,59.0,7.0
Grouper,The Man Who Died in His Boat,142120,0.425,0.0757,1,0.89,0.156,124.374,4,ambient,2arK6QEmfa25k2feNozs9e,142120.0,54.0,7.0
Grouper,A I A: Alien Observer,236480,0.219,0.0825,0,0.994,0.168,76.03,3,ambient,4Z1BFX1oBckY8bhGEWMYmi,236480.0,53.0,7.0
Grouper,A I A: Alien Observer,236480,0.219,0.0825,0,0.994,0.168,76.03,3,ambient,4Z1BFX1oBckY8bhGEWMYmi,236480.0,53.0,7.0
Grouper,A I A: Alien Observer,236480,0.219,0.0825,0,0.994,0.168,76.03,3,ambient,4Z1BFX1oBckY8bhGEWMYmi,236480.0,53.0,7.0
Aphex Twin,Syro,321880,0.277,0.01,0,0.98,0.0353,102.397,4,ambient,6oRuinkJdTge4hpTuClEF8,321880.0,55.0,6.0
Julien Baker,Turn Out the Lights,203973,0.429,0.292,1,0.725,0.0352,82.5,4,ambient,3AV0YFhIzY0LDeaJPU5x3O,203973.0,48.5,7.0
Nils Frahm,Spaces,498000,0.217,0.23,0,0.862,0.0742,149.76,4,ambient,0DFbQjp468sMiIMTrZdr5w,498000.0,53.0,7.0
Jon Hopkins,Immunity,596773,0.434,0.305,1,0.892,0.0594,139.878,4,ambient,1rxWlYQcH945S3jpIMYR35,596773.0,69.0,8.0
Jon Hopkins,Singularity,333400,0.181,0.0863,1,0.956,0.0337,70.907,4,ambient,1nvzBC1M3dlCMIxfUCBhlO,333400.0,48.0,7.0
Alcest,Les voyages de l'âme,350320,0.24,0.548,0,0.00607,0.128,127.337,4,black-metal,1yENAh14y99tcC6No2mXWl,350320.0,44.0,5.0
Kvelertak,Kvelertak,267386,0.4,0.823,1,0.000337,0.128,134.887,4,black-metal,5xWx2DMLGYJrbz77k6lxnh,267386.0,22.7,8.0
Deafheaven,Sunbather,554573,0.1,0.804,1,6.84e-06,0.0954,82.211,4,black-metal,2kKXGWaCEl06EKZ4DxBJIT,554573.0,43.5,8.0
Alcest,Écailles de lune,498706,0.464,0.306,0,0.887,0.115,133.982,4,black-metal,6b9NZDM5QhD2FViyXKwBRT,498706.0,42.0,7.0
Alcest,Écailles de lune,498706,0.464,0.306,0,0.887,0.115,133.982,4,black-metal,6b9NZDM5QhD2FViyXKwBRT,498706.0,42.0,7.0
Deafheaven,Ordinary Corrupt Human Love,328642,0.296,0.48,1,0.166,0.157,133.509,4,black-metal,2iA7rzpQsOfAPkfH4Ekp7f,328642.0,41.0,5.0
Deafheaven,Ordinary Corrupt Human Love,328642,0.296,0.48,1,0.166,0.157,133.509,4,black-metal,2iA7rzpQsOfAPkfH4Ekp7f,328642.0,41.0,5.0
Toxic Holocaust,Chemistry of Consciousness,127826,0.214,0.982,0,1.53e-06,0.224,165.618,4,black-metal,0jwJZDxGMm3SSm6LULhxgv,127826.0,21.0,6.0
Kvelertak,Nattesferd,214506,0.421,0.876,1,0.000263,0.32,125.597,3,black-metal,5EAGz1IagdeJoJ2Cgb4DES,214506.0,19.8,6.0
Darkthrone,Circle The Wagons,166826,0.217,0.936,1,0.0442,0.333,73.833,4,black-metal,0M43d6s6l1b5x6SALQSrP0,166826.0,19.5,5.0
Darkthrone,Circle The Wagons,166826,0.217,0.936,1,0.0442,0.333,73.833,4,black-metal,0M43d6s6l1b5x6SALQSrP0,166826.0,19.5,5.0
Deafheaven,Infinite Granite,360333,0.28,0.875,0,0.00284,0.462,129.129,4,black-metal,0kCdT4gjYlSxIV7ll3Yd4M,360333.0,43.3,3.0
Wolves In The Throne Room,Thrice Woven,689693,0.112,0.944,1,0.000139,0.0342,151.694,4,black-metal,1Uw3L9tXHZFuTS1lepKNVk,689693.0,20.0,6.0
Wolves In The Throne Room,Celestial Lineage,88226,0.123,0.225,1,0.00063,0.0955,76.104,4,black-metal,3LHSxySCaooKrQxuLtuYSV,88226.0,18.7,6.0
Wolves In The Throne Room,Celestial Lineage,88226,0.123,0.225,1,0.00063,0.0955,76.104,4,black-metal,3LHSxySCaooKrQxuLtuYSV,88226.0,18.7,6.0
Kvelertak,Meir,172906,0.133,0.944,1,4.09e-06,0.306,86.603,1,black-metal,5PAjZGAD8j0XZANLxJWulb,172906.0,19.0,8.0
Toxic Holocaust,Conjure and Command,173600,0.507,0.98,0,0.000244,0.753,91.081,4,black-metal,37C6YgkW0GLoxuSAvAPkUi,173600.0,20.0,8.0
Leviathan,Scar Sighted,337980,0.181,0.942,0,7.48e-06,0.133,152.13,4,black-metal,4hnlvhL0RR3AH2YOVChSsh,337980.0,17.5,8.0
Darkthrone,The Underground Resistance,256252,0.244,0.985,1,8.51e-06,0.195,71.249,4,black-metal,2GbdKYnwbDn7KV37EcVQN1,256252.0,18.0,6.0
Wolves In The Throne Room,Celestite,872398,0.0668,0.4,0,0.14,0.0381,74.465,4,black-metal,3CZ1efJZ8G1hDBETkFuoxw,872398.0,16.5,8.0
Cage The Elephant,Melophobia,208760,0.636,0.676,1,0.0807,0.273,113.98,4,blues,4EK8gtQfdVsmDTji7gBFlz,208760.0,70.2,8.0
Cage The Elephant,Tell Me I'm Pretty,225973,0.47,0.623,1,0.392,0.298,77.861,4,blues,0nW0w37lrQ87k7PLZvC4qJ,225973.0,63.5,6.0
The Black Keys,El Camino,193653,0.356,0.872,1,0.00417,0.607,166.3,4,blues,5DLhV9yOvZ7IxVmljMXtNm,193653.0,69.7,2.0
The Black Keys,El Camino,193653,0.356,0.872,1,0.00417,0.607,166.3,4,blues,5DLhV9yOvZ7IxVmljMXtNm,193653.0,69.7,2.0
The Black Keys,Turn Blue,410186,0.282,0.547,1,0.03,0.133,151.468,4,blues,6TvxpBzf9c8H1fsrAaQ8t3,410186.0,61.5,4.0
Greta Van Fleet,The Battle at Garden’s Gate,270887,0.374,0.778,1,0.1,0.484,133.85,3,blues,7kjLKy9JLbwM9F7eDQEnd2,270887.0,67.0,2.0
Cage The Elephant,Social Cues,163200,0.52,0.931,1,0.0018,0.557,166.018,4,blues,2VuZJsJBPLwg9BeQFQle8G,163200.0,60.0,5.0
The Chemical Brothers,No Geography,316680,0.721,0.867,0,0.048,0.917,125.005,4,breakbeat,7d1KwAPdMEBqCERVsKRUox,316680.0,41.4,6.0
Adele,30,225148,0.534,0.725,1,0.091,0.55,88.098,4,british,21jF5jlMtzo94wbxmJ18aa,225148.0,71.5,7.0
Michael Kiwanuka,KIWANUKA,233053,0.398,0.176,0,0.743,0.0691,139.941,4,british,1yIqauTni1V7l7djYAKSsZ,233053.0,54.0,7.0
Laura Marling,Song For Our Daughter,237228,0.553,0.104,1,0.947,0.186,97.067,4,british,0ubXthGSkZfe30Nuj91lcu,237228.0,52.0,9.0
Beach Fossils,Somersault,158474,0.615,0.743,1,0.237,0.528,162.22,4,chill,2d7uieZPQtrUi5AQXwdsYV,158474.0,63.0,5.0
Beach Fossils,Clash the Truth,146293,0.553,0.685,1,0.145,0.491,79.998,4,chill,4qC8mysA680i7chkL3JQQw,146293.0,63.0,8.0
Unknown Mortal Orchestra,II,230146,0.829,0.435,1,0.0363,0.594,103.817,4,chill,2UrexGLK8RBKbv07j7ui19,230146.0,63.0,7.0
Blood Orange,Negro Swan,242341,0.622,0.46,0,0.14,0.514,183.241,4,chill,7bvmGyFDwpHNRRRZJ0AHvn,242341.0,66.0,8.0
Unknown Mortal Orchestra,Sex & Food,268333,0.956,0.377,1,0.566,0.566,119.993,4,chill,2swiA7ANSFyAHKJhkD4mNR,268333.0,65.0,5.0
Gesaffelstein,Aleph,247603,0.682,0.934,1,0.0619,0.0708,108.982,3,club,3MiiF9utmtGnLVITgl0JP7,247603.0,43.3,5.0
SOPHIE,OIL OF EVERY PEARL'S UN-INSIDES,232806,0.776,0.717,1,0.115,0.828,139.995,4,club,4z3YbEkKWwiIMSJTWUQbTH,232806.0,44.8,8.0
Arca,KICK ii,151531,0.581,0.844,0,0.0855,0.546,93.963,4,club,1Vg5v9M0afj5sIl1ndRXzy,151531.0,51.2,7.0
SOPHIE,VYZEE,202531,0.891,0.571,0,0.147,0.733,129.994,4,club,619AAL08eHbip6ce8Jixbe,202531.0,49.0,8.0
A. G. Cook;Cecile Believe,7G,169500,0.755,0.433,0,0.431,0.605,160.052,4,club,16NHNs15w1bpkFiBOUgDaB,169500.0,40.2,6.0
The Magnetic Fields,50 Song Memoir,176426,0.275,0.439,1,0.895,0.406,150.66,4,club,2b3JjOvKw9UN47ND80Tvri,176426.0,21.0,7.0
Andy Stott,Faith in Strangers,389186,0.657,0.692,1,0.0286,0.164,136.995,4,club,1BzMONuUlgUnqOrg2aQeAY,389186.0,45.0,7.0
Fire-Toolz,Eternal Home,158806,0.454,0.969,1,0.0973,0.19,136.985,4,club,4ZyfutgwGoPLRNkJqVidZ2,158806.0,15.5,7.0
Lil Dicky;Brendon Urie,Professional Rapper,244339,0.829,0.514,1,0.203,0.397,114.955,4,comedy,7IhHBoBPWlCSrr8DCmP5ot,244339.0,56.4,2.0
Kacey Musgraves,Golden Hour,219053,0.689,0.614,0,0.252,0.411,141.97,4,country,7f6xPqyaolTiziKf5R5Z0c,219053.0,69.0,4.0
Ariana Grande,"thank u, next",178626,0.778,0.317,0,0.592,0.327,140.048,4,dance,2fYhqwDWXjbpjaIJPEfKFw,178626.0,81.3,8.0
Ariana Grande,Positions,172324,0.737,0.802,1,0.468,0.682,144.015,4,dance,3euz4vS7ezKGnNSwgyvKcd,172324.0,81.3,5.0
Doja Cat,Planet Her,172626,0.824,0.764,0,0.0888,0.881,107.998,4,dance,1nAQbHeOWTfQzbOoFrvndW,172626.0,84.2,5.0
Dua Lipa,Future Nostalgia,203807,0.695,0.884,0,0.0561,0.914,103.014,4,dance,7fJJK56U9fHixgO0HQkhtI,203807.0,81.0,7.0
Katy Perry,Smile,185480,0.721,0.751,0,0.162,0.738,140.095,4,dance,47zMF6LrXQ8odi6Xv1unC0,185480.0,78.0,4.0
ZAYN,Mind Of Mine (Deluxe Edition),202746,0.584,0.7,1,0.117,0.438,124.944,4,dance,5amj9zNeZ3B2EdpBgXrOZ0,202746.0,78.0,4.0
Ariana Grande,Sweetener,197546,0.602,0.658,1,0.0233,0.268,145.031,4,dance,3tx8gQqWbGwqIGZHqDNrGe,197546.0,79.0,7.0
Doja Cat,Hot Pink,226986,0.749,0.463,1,0.21,0.189,90.035,4,dance,1MmVkhiwTH0BkNOU3nw5d3,226986.0,81.0,4.0
Bruno Mars,24K Magic,206693,0.853,0.56,1,0.013,0.86,134.066,4,dance,4PgleR09JVnm3zY1fW3XBA,206693.0,83.0,7.0
Beyoncé,RENAISSANCE,225388,0.78,0.689,1,0.0368,0.642,115.042,4,dance,6FJxoadUE4JNVwWHghBwnb,225388.0,93.0,8.0
Beyoncé,RENAISSANCE,225388,0.78,0.689,1,0.0368,0.642,115.042,4,dance,6FJxoadUE4JNVwWHghBwnb,225388.0,93.0,8.0
Beyoncé,RENAISSANCE,225388,0.78,0.689,1,0.0368,0.642,115.042,4,dance,6FJxoadUE4JNVwWHghBwnb,225388.0,93.0,8.0
Cardi B;Bad Bunny;J Balvin,Invasion of Privacy,253390,0.816,0.726,0,0.099,0.65,136.048,4,dance,4KdtEKjY3Gi0mKiSdy96ML,253390.0,79.0,6.0
Nicki Minaj,Queen Radio: Volume 1,170977,0.951,0.878,1,0.0509,0.923,133.014,4,dance,1ia27ME4iQkoIyUHBnJqX6,170977.0,83.0,5.0
Gojira,Fortitude,300783,0.382,0.954,1,0.00038,0.513,181.933,4,death-metal,3bmdzJRZ4DLRTiA6yBBQcI,300783.0,51.5,7.0
Meshuggah,Koloss,372866,0.207,0.945,1,3.26e-05,0.0399,113.254,3,death-metal,1WzwZsb0LvVXhngbHjBfd9,372866.0,53.0,6.0
Cannibal Corpse,Violence Unimagined,272994,0.13,0.947,1,2.45e-05,0.334,60.631,4,death-metal,1OSmlc9qUXmCPzox9m9J3l,272994.0,50.0,7.0
Undeath,It's Time...To Rise from the Grave,233237,0.213,0.948,1,0.000761,0.133,102.935,4,death-metal,5pL9YDRmrXWNPEJGKiYUXs,233237.0,22.0,7.0
Undeath,It's Time...To Rise from the Grave,233237,0.213,0.948,1,0.000761,0.133,102.935,4,death-metal,5pL9YDRmrXWNPEJGKiYUXs,233237.0,22.0,7.0
Tribulation,The Children of the Night,411786,0.208,0.902,0,0.000279,0.136,130.995,4,death-metal,4whOD3w1OmMhEcv54ai3Ju,411786.0,21.0,7.0
Havok,Conformicide,437413,0.415,0.964,1,0.000509,0.326,178.567,4,death-metal,6GI3M1qTLgDNNcZCTzgWEQ,437413.0,22.0,7.0
Miami Horror,Illumination,253728,0.58,0.86,0,0.0176,0.43,124.992,4,disco,37oEeZfUpmbYlJnORF36Zk,253728.0,59.0,7.0
Miami Horror,Illumination,253728,0.58,0.86,0,0.0176,0.43,124.992,4,disco,37oEeZfUpmbYlJnORF36Zk,253728.0,59.0,7.0
Miami Horror,Illumination,253728,0.58,0.86,0,0.0176,0.43,124.992,4,disco,37oEeZfUpmbYlJnORF36Zk,253728.0,59.0,7.0
Porter Robinson,Worlds,328506,0.444,0.35,1,0.453,0.0973,95.979,3,dub,7AJPV0L05IyIBid97AvwVD,328506.0,50.5,5.0
Porter Robinson,Nurture,309985,0.568,0.564,1,0.0105,0.385,115.059,4,dub,4Hjqdhj5rh816i1dfcUEaM,309985.0,50.8,8.0
Eliminate;Leah Culver,Crystallize,212800,0.73,0.655,1,0.165,0.316,149.999,4,dub,1UNZ0fFbN1JHhbjJRRuhAn,212800.0,46.0,8.0
Eliminate;Leah Culver,Crystallize,212800,0.73,0.655,1,0.165,0.316,149.999,4,dub,1UNZ0fFbN1JHhbjJRRuhAn,212800.0,46.0,8.0
Eliminate;Leah Culver,Crystallize,212800,0.73,0.655,1,0.165,0.316,149.999,4,dub,1UNZ0fFbN1JHhbjJRRuhAn,212800.0,46.0,8.0
Mac DeMarco,Salad Days,231723,0.538,0.557,1,0.262,0.506,131.03,4,edm,2sij95QgjmgrhNv33achzn,231723.0,82.0,5.0
Mac DeMarco,2,190845,0.501,0.765,0,0.00294,0.46,91.771,4,edm,2XgBQwGRxr4P7cHLDYiqrO,190845.0,81.0,2.0
Billie Eilish,"WHEN WE ALL FALL ASLEEP, WHERE DO WE GO?",194087,0.701,0.425,1,0.328,0.562,135.128,4,electro,0S0KGZnfBGSIssfF54WSJh,194087.0,78.0,8.0
Daft Punk;Julian Casablancas,Random Access Memories,337560,0.775,0.585,0,0.0422,0.518,109.942,4,electro,4m2880jivSbbyEGAKfITCa,337560.0,75.5,8.0
Billie Eilish,Happier Than Ever,173539,0.879,0.365,1,0.227,0.663,94.016,4,electro,0JGOiO34nwfUdDrD612dOp,173539.0,76.1,7.0
Ashnikko,DEMIDEVIL,146523,0.834,0.663,1,0.235,0.774,121.876,4,electro,438ToDoVaJH5aTIXXrlDyI,146523.0,72.0,6.0
Carly Rae Jepsen,Emotion (Deluxe Expanded Edition),204763,0.62,0.805,1,0.00564,0.586,122.062,4,electro,2oj3FG6fos7zAQJxLQGzou,204763.0,70.0,7.0
James Blake;SZA,Friends That Break Your Heart,195905,0.653,0.496,0,0.625,0.102,86.013,4,electronic,1zNtJFMCNIyT0X19jpcI3j,195905.0,65.0,8.0
Metronomy,The English Riviera,277653,0.638,0.535,0,0.623,0.504,84.947,4,electronic,716fnrS2qXChPC3J2X73pK,277653.0,71.0,7.0
Metronomy,The English Riviera,277653,0.638,0.535,0,0.623,0.504,84.947,4,electronic,716fnrS2qXChPC3J2X73pK,277653.0,71.0,7.0
James Blake,Overgrown,223600,0.533,0.251,0,0.873,0.186,77.503,4,electronic,53FEYOXnplxBWoQMmWn82U,223600.0,64.0,8.0
James Blake,Overgrown,223600,0.533,0.251,0,0.873,0.186,77.503,4,electronic,53FEYOXnplxBWoQMmWn82U,223600.0,64.0,7.0
James Blake;Bon Iver,The Colour In Anything,257219,0.293,0.29,1,0.696,0.0373,128.276,4,electronic,1WyrGCkFDlH1xPadZ5qTkL,257219.0,59.0,5.0
Bonobo,The North Borders,352246,0.64,0.844,0,0.395,0.364,119.042,4,electronic,7sN6lCgPf1rbZYmA3edMKv,352246.0,46.2,6.0
Chromatics,Kill For Love,322994,0.61,0.385,0,0.96,0.128,108.967,4,electronic,2Fp5KBgyC0ac2oitVlsJhY,322994.0,52.0,4.0
Tycho,Awake,283636,0.552,0.877,1,0.0585,0.597,176.05,4,electronic,0GjrPTT00KWsalUi8jnpR9,283636.0,58.0,6.0
XXXTENTACION;Trippie Redd,17,146520,0.797,0.533,0,0.0172,0.329,131.036,4,emo,5VdyJkLe3yvOs0l4xXbWp0,146520.0,77.1,2.0
XXXTENTACION;Trippie Redd,17,146520,0.797,0.533,0,0.0172,0.329,131.036,4,emo,5VdyJkLe3yvOs0l4xXbWp0,146520.0,77.1,4.0
Lil Peep;XXXTENTACION,"Come Over When You're Sober, Pt. 2",196400,0.669,0.574,0,0.0175,0.273,120.013,4,emo,52JymrguPgkmmwLaWIusst,196400.0,65.9,4.0
XXXTENTACION,SKINS,94245,0.78,0.492,0,0.0643,0.374,143.983,4,emo,1qsQOC4Jn0fnaUZLAbs4dz,94245.0,63.1,2.0
6ix9ine;Nicki Minaj;Murda Beatz,DUMMY BOY,179404,0.931,0.387,1,0.088,0.375,125.978,4,emo,06XM9ExRELs8dcuwEAn1jd,179404.0,65.0,4.0
6ix9ine;Nicki Minaj;Murda Beatz,DUMMY BOY,179404,0.931,0.387,1,0.088,0.375,125.978,4,emo,06XM9ExRELs8dcuwEAn1jd,179404.0,65.0,4.0
Lil Pump,Lil Pump,124055,0.936,0.523,1,0.239,0.699,119.889,4,emo,2VVvm4zJlUQm9XmBCvGN6z,124055.0,60.0,7.0
6ix9ine,TattleTales,132303,0.611,0.688,1,0.0264,0.393,178.462,4,emo,6q8AAimjVfKuv9PrI5xto9,132303.0,56.6,3.0
Paramore,After Laughter,182693,0.695,0.818,0,0.00647,0.916,119.965,4,emo,1c9Sx7XdXuMptGyfCB6hHs,182693.0,68.3,7.0
American Football,American Football,268333,0.436,0.819,1,0.0171,0.405,144.26,4,emo,3wRBlpk5PRoixwOnLujTal,268333.0,60.0,5.0
Hobo Johnson,The Fall of Hobo Johnson,215803,0.703,0.636,0,0.026,0.648,136.949,4,emo,3QrkHSj8pBzE1Kwhpnktkw,215803.0,55.0,8.0
glass beach,the first glass beach album,138119,0.341,0.661,1,0.00422,0.675,154.99,4,emo,5GOoswCqZQiq9gbjSHkzMq,138119.0,55.7,7.0
Bon Iver,Bon Iver,336613,0.374,0.304,1,0.943,0.147,147.969,4,folk,2LpfNj3vB5rOXfaawLcOBg,336613.0,59.0,6.0
Bon Iver,Bon Iver,336613,0.374,0.304,1,0.943,0.147,147.969,4,folk,2LpfNj3vB5rOXfaawLcOBg,336613.0,59.0,6.0
Arctic Monkeys,AM,183956,0.464,0.417,0,0.136,0.479,67.528,4,garage,78bpIziExqiI9qztvNFlQu,183956.0,77.3,3.0
The Strokes,Angles,235546,0.35,0.775,1,0.00433,0.588,199.866,4,garage,6Jx4cGhWHewTcfKDJKguBQ,235546.0,62.2,7.0
The Strokes,Angles,235546,0.35,0.775,1,0.00433,0.588,199.866,4,garage,6Jx4cGhWHewTcfKDJKguBQ,235546.0,62.2,7.0
Death From Above 1979,Outrage! Is Now,198081,0.511,0.724,1,0.000826,0.536,130.029,4,garage,4kKKH6cFBtNd9etSJzkMjZ,198081.0,57.0,8.0
The Spits,The Spits,72000,0.315,0.879,1,0.0453,0.424,97.984,4,garage,4IH4X1p5E6WjigQdS1Z5B6,72000.0,26.5,2.0
The Spits,The Spits,72000,0.315,0.879,1,0.0453,0.424,97.984,4,garage,4IH4X1p5E6WjigQdS1Z5B6,72000.0,26.5,2.0
Foxygen,We Are the 21st Century Ambassadors of Peace & Magic,201706,0.467,0.645,0,0.101,0.71,127.468,3,garage,7FfiN9ztbjLNPWhuhFHaWf,201706.0,57.0,8.0
Jack White,Lazaretto,219400,0.381,0.838,0,0.0046,0.581,118.214,4,garage,36LXzRarDP8TU8K0REGpt6,219400.0,58.0,5.0
Ariel Pink;DāM-FunK,Mature Themes,287426,0.621,0.252,1,0.435,0.336,92.586,4,garage,08RdKFNm8Cu86FSzlhoAoh,287426.0,56.0,6.0
Ariel Pink,pom pom,200293,0.472,0.832,0,0.00058,0.839,134.957,4,garage,1GDEy7JQHzOvAIucRlXtGL,200293.0,54.0,9.0
Tony Molina,Dissed and Dismissed,72339,0.233,0.818,1,0.215,0.76,164.429,4,garage,0M9cDMEpqJgz6V6AynA7Sy,72339.0,24.7,7.0
Balkans,Balkans,169506,0.362,0.912,0,5.36e-05,0.444,190.024,4,garage,0vAzZE6Z6Jw05CpjxAqKo3,169506.0,24.0,7.0
Jack White,Fear Of The Dawn,214842,0.375,0.71,1,0.000867,0.559,97.335,4,garage,46qeiLBu3KwqFQpJBT7t6B,214842.0,54.0,7.0
Jack White,Fear Of The Dawn,214842,0.375,0.71,1,0.000867,0.559,97.335,4,garage,46qeiLBu3KwqFQpJBT7t6B,214842.0,54.0,7.0
Jack White,Fear Of The Dawn,214842,0.375,0.71,1,0.000867,0.559,97.335,4,garage,46qeiLBu3KwqFQpJBT7t6B,214842.0,54.0,7.0
Cattle Decapitation,Death Atlas,268080,0.244,0.986,1,3.78e-05,0.177,117.005,4,grindcore,7pp0eBrLEcmprISZOmY4ve,268080.0,41.2,6.0
Trap Them,Darker Handcraft,203066,0.262,0.988,1,1.78e-06,0.22,177.716,4,grindcore,5mdfU5YxMPnwFwJQMC9rBj,203066.0,16.8,7.0
Full Of Hell,Full of Hell & Merzbow,55955,0.305,0.998,0,8e-05,0.0286,98.95,4,grindcore,5TOfimDwyiJ71grEQMd9UH,55955.0,16.6,8.0
Trap Them,Blissfucker,256351,0.121,0.934,0,2.15e-06,0.14,166.57,4,grindcore,4UvIV3bGAXNEfTzJp1Wl5w,256351.0,14.3,5.0
Cattle Decapitation,The Anthropocene Extinction,247186,0.284,0.978,1,5.08e-06,0.149,116.297,4,grindcore,4QUiNabvDucY1hn8LRmbGd,247186.0,36.0,8.0
Wormrot,Hiss,87786,0.278,0.946,1,1.9e-05,0.199,107.922,3,grindcore,6XfFWtshKIYvwjI6qAqR8m,87786.0,37.0,8.0
Wormrot,Hiss,87786,0.278,0.946,1,1.9e-05,0.199,107.922,3,grindcore,6XfFWtshKIYvwjI6qAqR8m,87786.0,37.0,8.0
Foo Fighters,Wasting Light,255960,0.234,0.865,1,3.62e-05,0.194,137.107,4,grunge,5lnQLEUiVDkLbFJHXHQu9m,255960.0,65.0,6.0
Foo Fighters,Wasting Light,255960,0.234,0.865,1,3.62e-05,0.194,137.107,4,grunge,5lnQLEUiVDkLbFJHXHQu9m,255960.0,65.0,6.0
Foo Fighters,Concrete and Gold,244573,0.357,0.549,0,0.000798,0.531,130.749,4,grunge,6KMkuqIwKkwUhUYRPL6dUc,244573.0,63.0,6.0
Foo Fighters,Medicine At Midnight,255106,0.506,0.946,1,2.21e-05,0.651,91.111,3,grunge,1FyNZvJ6MHO01kl3ySMPdc,255106.0,54.0,5.0
Ghost,IMPERA,196946,0.575,0.868,0,0.000207,0.804,128.069,4,hard-rock,3fn4HfVz5dhmE0PG24rh6h,196946.0,67.8,5.0
Ghost,IMPERA,196946,0.575,0.868,0,0.000207,0.804,128.069,4,hard-rock,3fn4HfVz5dhmE0PG24rh6h,196946.0,67.8,5.0
Ghost,IMPERA,196946,0.575,0.868,0,0.000207,0.804,128.069,4,hard-rock,3fn4HfVz5dhmE0PG24rh6h,196946.0,67.8,5.0
Crystal Castles,Crystal Castles,258453,0.746,0.691,0,0.184,0.888,119.982,4,hardcore,7HJSVyFzG1sM02weSAqhdH,258453.0,66.0,7.0
Crystal Castles,Crystal Castles,258453,0.746,0.691,0,0.184,0.888,119.982,4,hardcore,7HJSVyFzG1sM02weSAqhdH,258453.0,66.0,7.0
Nas;A$AP Rocky;DJ Premier,Magic,190261,0.601,0.938,1,0.0225,0.762,87.129,4,hardcore,1tiCHRx9AI11hfcLmkGEXT,190261.0,57.0,7.0
Nas;A$AP Rocky;DJ Premier,Magic,190261,0.601,0.938,1,0.0225,0.762,87.129,4,hardcore,1tiCHRx9AI11hfcLmkGEXT,190261.0,57.0,7.0
Nas;A$AP Rocky;DJ Premier,Magic,190261,0.601,0.938,1,0.0225,0.762,87.129,4,hardcore,1tiCHRx9AI11hfcLmkGEXT,190261.0,57.0,7.0
Nas;A$AP Rocky;DJ Premier,Magic,190261,0.601,0.938,1,0.0225,0.762,87.129,4,hardcore,1tiCHRx9AI11hfcLmkGEXT,190261.0,57.0,7.0
Nas;Eminem;EPMD,King's Disease II,214434,0.689,0.83,0,0.121,0.703,94.566,4,hardcore,6CM5qhYBvpgYNek5kYwuOJ,214434.0,55.5,7.0
Nas;Eminem;EPMD,King's Disease II,214434,0.689,0.83,0,0.121,0.703,94.566,4,hardcore,6CM5qhYBvpgYNek5kYwuOJ,214434.0,55.5,8.0
The Roots;John Legend,How I Got Over,221066,0.67,0.956,1,0.177,0.337,173.966,4,hardcore,25sYZjutddzUpXNbeQ7bEC,221066.0,56.0,8.0
The Roots;John Legend,How I Got Over,221066,0.67,0.956,1,0.177,0.337,173.966,4,hardcore,25sYZjutddzUpXNbeQ7bEC,221066.0,56.0,8.0
Crystal Castles,Amnesty (I),188333,0.396,0.844,1,0.0187,0.331,99.778,4,hardcore,03CgI5yzuOcyRkkDOyCazP,188333.0,55.0,4.0
Lil Nas X,MONTERO,143901,0.737,0.846,0,0.00614,0.546,87.981,4,hip-hop,6pOiDiuDQqrmo5DbG0ZubR,143901.0,83.7,7.0
Drake,Scorpion,198973,0.754,0.449,1,0.0332,0.357,77.169,4,hip-hop,1ATL5GLyefJaxhQzSPVrLX,198973.0,84.0,4.0
Lil Nas X,7 EP,113000,0.907,0.53,1,0.0578,0.507,135.998,4,hip-hop,4IRiXE5NROxknUSAUSjMoO,113000.0,78.0,6.0
Drake;Wizkid;Kyla,Views,173986,0.792,0.625,1,0.00776,0.37,103.967,4,hip-hop,40GMAhriYJRO1rsY4YdrZb,173986.0,85.0,4.0
Eminem;Juice WRLD,Music To Be Murdered By,210800,0.808,0.745,0,0.145,0.829,165.995,4,hip-hop,4otkd9As6YaxxEkIjXPiZ6,210800.0,83.0,5.0
Kendrick Lamar;SZA,Black Panther The Album Music From And Inspired By,232186,0.698,0.633,1,0.0605,0.552,96.924,4,hip-hop,3pLdWdkj83EYfDN6H2N8MR,232186.0,83.0,6.0
J. Cole,2014 Forest Hills Drive,292799,0.69,0.521,0,0.324,0.494,100.028,4,hip-hop,0UMMIkurRUmkruZ3KGBLtG,292799.0,88.0,6.0
Kendrick Lamar,DAMN.,177000,0.908,0.621,0,0.000282,0.421,150.011,4,hip-hop,4eLPsYPBmXABThSJ821sqY,177000.0,84.0,7.0
Metro Boomin;Gunna,NOT ALL HEROES WEAR CAPES (Deluxe),203266,0.901,0.464,0,0.368,0.638,109.004,4,hip-hop,3IO8IPjwXuzPJnoaqkwYrj,203266.0,81.0,6.0
Eminem,The Marshall Mathers LP2 (Deluxe),363521,0.708,0.843,1,0.397,0.625,148.14,4,hip-hop,6DN7GcZF1HywzrkGN6Eeqk,363521.0,78.0,7.0
Kendrick Lamar,Mr. Morale & The Big Steppers,195950,0.79,0.67,1,0.377,0.408,139.956,4,hip-hop,79ONNoS4M9tfIA1mYLBYVX,195950.0,82.5,8.0
Kendrick Lamar,Mr. Morale & The Big Steppers,195950,0.79,0.67,1,0.377,0.408,139.956,4,hip-hop,79ONNoS4M9tfIA1mYLBYVX,195950.0,82.5,8.0
Kendrick Lamar,Mr. Morale & The Big Steppers,195950,0.79,0.67,1,0.377,0.408,139.956,4,hip-hop,79ONNoS4M9tfIA1mYLBYVX,195950.0,82.5,8.0
Drake;Travis Scott,Certified Lover Boy,291175,0.666,0.465,1,0.0503,0.292,167.937,4,hip-hop,3SpBlxme9WbeQdI9kx7KAV,291175.0,83.0,3.0
Future;Drake;Tems,I NEVER LIKED YOU,189893,0.463,0.642,1,0.314,0.339,83.389,4,hip-hop,6tE9Dnp2zInFij4jKssysL,189893.0,89.0,5.0
Future;Drake;Tems,I NEVER LIKED YOU,189893,0.463,0.642,1,0.314,0.339,83.389,4,hip-hop,6tE9Dnp2zInFij4jKssysL,189893.0,89.0,5.0
Future;Drake;Tems,I NEVER LIKED YOU,189893,0.463,0.642,1,0.314,0.339,83.389,4,hip-hop,6tE9Dnp2zInFij4jKssysL,189893.0,89.0,5.0
Travis Scott,ASTROWORLD,312820,0.834,0.73,1,0.00513,0.446,155.008,4,hip-hop,41GuZcammIkupMPKH2OJ6I,312820.0,75.6,7.0
A$AP Rocky;Skepta,TESTING,205040,0.854,0.569,0,0.0609,0.294,80.015,4,hip-hop,3MATDdrpHmQCmuOcozZjDa,205040.0,82.0,4.0
J. Cole;Cults;Amber Coffman,Born Sinner (Deluxe Version),296520,0.766,0.74,1,0.0193,0.183,118.008,4,hip-hop,5FP9keIJnlSCKnkdVOf623,296520.0,82.0,5.0
Travis Scott,Rodeo (Expanded Edition),262693,0.713,0.526,1,0.00767,0.131,131.05,4,house,4PWBTB6NYSKQwfo79I3prg,262693.0,74.0,3.0
Travis Scott,Rodeo (Expanded Edition),262693,0.713,0.526,1,0.00767,0.131,131.05,4,house,4PWBTB6NYSKQwfo79I3prg,262693.0,74.0,8.0
Luke Abbott,Holkham Drones,301546,0.59,0.341,1,0.851,0.158,110.012,3,idm,2x1yXwFPvn4ssDc5vavFEi,301546.0,9.5,8.0
Luke Abbott,Holkham Drones,301546,0.59,0.341,1,0.851,0.158,110.012,3,idm,2x1yXwFPvn4ssDc5vavFEi,301546.0,9.5,8.0
Clairo,Immunity,188386,0.744,0.619,1,0.598,0.641,112.997,4,indie-pop,4kkVGtCqE2NiAKosri9Rnd,188386.0,69.0,5.0
G-Eazy;Bebe Rexha,When It's Dark Out,251466,0.756,0.674,0,0.0184,0.389,111.995,4,indie-pop,09Q3WwGYsQe5ognkvVkmCu,251466.0,78.0,4.0
M.I.A.,Matangi,227520,0.639,0.912,1,0.00107,0.343,143.448,4,indie-pop,3dAxXNscIj0p53lBMEziYR,227520.0,76.0,6.0
M.I.A.,Matangi,227520,0.639,0.912,1,0.00107,0.343,143.448,4,indie-pop,3dAxXNscIj0p53lBMEziYR,227520.0,76.0,6.0
M.I.A.,Matangi,227520,0.639,0.912,1,0.00107,0.343,143.448,4,indie-pop,3dAxXNscIj0p53lBMEziYR,227520.0,76.0,7.0
Cults,Static,223746,0.174,0.742,1,0.00181,0.36,163.378,4,indie-pop,6WnfWrfsfu7T9TXbHIFHX9,223746.0,81.0,4.0
Mitski,Be the Cowboy,128198,0.613,0.822,1,0.0092,0.567,105.997,4,indie-pop,42cH7mrkfljkqkxA2Ip9Xq,128198.0,79.3,6.0
Mitski,Be the Cowboy,128198,0.613,0.822,1,0.0092,0.567,105.997,4,indie-pop,42cH7mrkfljkqkxA2Ip9Xq,128198.0,79.3,6.0
Glass Animals,How To Be A Human Being,320654,0.689,0.338,0,0.349,0.568,128.012,4,indie-pop,6qb9MDR0lfsN9a2pw77uJy,320654.0,69.5,6.0
Clairo,Sling,228922,0.739,0.491,1,0.791,0.707,111.008,4,indie-pop,32ium7Cxb1Xwp2MLzH2459,228922.0,74.0,7.0
beabadoobee,Beatopia,177533,0.634,0.663,1,0.433,0.6,146.053,4,indie-pop,2rhNQbqRNxiNQkDXTffe1V,177533.0,77.0,7.0
beabadoobee,Beatopia,177533,0.634,0.663,1,0.433,0.6,146.053,4,indie-pop,2rhNQbqRNxiNQkDXTffe1V,177533.0,77.0,7.0
beabadoobee,Beatopia,177533,0.634,0.663,1,0.433,0.6,146.053,4,indie-pop,2rhNQbqRNxiNQkDXTffe1V,177533.0,77.0,7.0
Halsey,"If I Can’t Have Love, I Want Power",176413,0.523,0.702,0,0.00397,0.494,179.992,4,indie-pop,3sq0hRtlT2SYeYajr5Cx22,176413.0,61.0,6.0
Phoebe Bridgers,Punisher,277676,0.339,0.243,1,0.869,0.183,154.909,3,indie-pop,6Pp6qGEywDdofgFC1oFbSH,277676.0,72.0,8.0
Rammstein,Zeit,244365,0.669,0.814,0,0.00118,0.398,130.014,4,industrial,75OE7M0wduJyffbffehHuR,244365.0,68.1,6.0
Rammstein,Zeit,244365,0.669,0.814,0,0.00118,0.398,130.014,4,industrial,75OE7M0wduJyffbffehHuR,244365.0,68.1,6.0
Rammstein,Zeit,244365,0.669,0.814,0,0.00118,0.398,130.014,4,industrial,75OE7M0wduJyffbffehHuR,244365.0,68.1,6.0
Death Grips,The Money Store,171866,0.57,0.993,1,0.00628,0.405,87.0,4,industrial,1PQDjdBpHPikAodJqjzm6a,171866.0,52.0,1.0
JPEGMAFIA,Veteran,157258,0.863,0.717,0,0.278,0.357,152.05,4,industrial,51WLEfPEEkzAWurvuY6Gco,157258.0,53.4,8.0
Marilyn Manson,Heaven Upside Down,239240,0.635,0.688,0,0.0023,0.389,107.989,4,industrial,6kbfR3NJmBGlgsTPAYmezz,239240.0,55.5,5.0
JPEGMAFIA,LP!,112451,0.373,0.967,1,0.253,0.666,139.03,4,industrial,4inXqcdjG79gV4m2mU8dQh,112451.0,50.2,9.0
Death Grips,No Love Deep Web,303693,0.547,0.884,1,0.0221,0.608,146.75,3,industrial,08aqY8lv4zx4uaqBUpMD8a,303693.0,53.0,2.0
JPEGMAFIA;Helena Deland,All My Heroes Are Cornballs,210569,0.553,0.509,1,0.515,0.264,153.674,4,industrial,5ilsl5R2lGACTnPZMKIp7o,210569.0,55.0,8.0
Death Grips,Government Plates,161133,0.317,0.853,1,0.00187,0.487,103.37,4,industrial,3T01oOjbrox1jz0pR112oV,161133.0,51.0,6.0
Death Grips,The Powers That B,367569,0.283,0.946,1,0.158,0.279,132.359,4,industrial,5Y04ylQjDWsawOUJXzY4YO,367569.0,48.5,8.0
Death Grips,The Powers That B,367569,0.283,0.946,1,0.158,0.279,132.359,4,industrial,5Y04ylQjDWsawOUJXzY4YO,367569.0,48.5,8.0
Death Grips,The Powers That B,367569,0.283,0.946,1,0.158,0.279,132.359,4,industrial,5Y04ylQjDWsawOUJXzY4YO,367569.0,48.5,9.0
Death Grips,Year Of The Snitch,211661,0.522,0.962,1,0.00388,0.415,146.392,4,industrial,46eayJPxf1cBWWUqNa2MJJ,211661.0,48.0,9.0
clipping.,Visions of Bodies Being Burned,299605,0.455,0.426,1,0.172,0.04,84.643,4,industrial,0b1q9se93BEqBl3kiltn33,299605.0,46.0,9.0
Fetty Wap,Fetty Wap (Deluxe),222093,0.746,0.873,1,0.0244,0.817,148.075,4,j-dance,2gKQvajkEEaDtkqJ8FJ4uw,222093.0,59.6,5.0
Flying Lotus;Kendrick Lamar,You're Dead!,234486,0.526,0.936,1,0.316,0.283,81.305,4,j-dance,29luvT98TnqHjVDYSRbbrj,234486.0,57.0,8.0
Flying Lotus,Flamagra,71520,0.607,0.184,1,0.442,0.475,81.245,4,j-dance,5WfDyog8yO7ZF8JdJxeZfl,71520.0,50.5,5.0
BABYMETAL,METAL RESISTANCE,263173,0.381,0.982,1,0.00071,0.23,179.924,4,j-idol,2vIRdYffs93ca7L0Eh4mTm,263173.0,48.0,6.0
Sharon Van Etten,Remind Me Tomorrow,265920,0.538,0.774,1,0.0164,0.249,127.107,4,j-rock,4bfvR9TMwCm2tzXpboLH3t,265920.0,59.0,7.0
Sharon Van Etten,Are We There,262520,0.663,0.522,1,0.392,0.301,99.759,4,j-rock,6EQWzHbd3EYO8J4EAIJst4,262520.0,60.0,6.0
BADBADNOTGOOD;Samuel T. Herring,IV,273864,0.591,0.376,0,0.478,0.308,140.026,4,jazz,5wAGlQICfKYQfaBppnUbmP,273864.0,57.0,9.0
BADBADNOTGOOD;Samuel T. Herring,IV,273864,0.591,0.376,0,0.478,0.308,140.026,4,jazz,5wAGlQICfKYQfaBppnUbmP,273864.0,57.0,7.0
BTS;Halsey,MAP OF THE SOUL : PERSONA,229773,0.645,0.862,0,0.0933,0.803,119.947,4,k-pop,2KqlAl1Kl5fZvbFgJ0qFB6,229773.0,70.9,5.0
BTS,Love Yourself 轉 'Tear',242333,0.557,0.719,0,0.00267,0.345,77.502,4,k-pop,4NIqCxqP9o8Tp6tGLBqd8O,242333.0,70.6,6.0
BTS,MAP OF THE SOUL : 7,180220,0.779,0.762,0,0.0224,0.859,110.043,4,k-pop,5W1XY5ucNATjTULERvXx9j,180220.0,68.2,5.0
Jack Harlow,Come Home The Kids Miss You,173947,0.902,0.582,0,0.111,0.332,107.005,4,k-pop,2eE8BVirX9VF8Di9hD90iw,173947.0,78.0,3.0
Jack Harlow,Come Home The Kids Miss You,173947,0.902,0.582,0,0.111,0.332,107.005,4,k-pop,2eE8BVirX9VF8Di9hD90iw,173947.0,78.0,3.0
Jack Harlow,Come Home The Kids Miss You,173947,0.902,0.582,0,0.111,0.332,107.005,4,k-pop,2eE8BVirX9VF8Di9hD90iw,173947.0,78.0,3.0
Jack Harlow,Thats What They All Say,156578,0.792,0.793,0,0.0872,0.775,123.031,4,k-pop,5g2INX6dnMIJG0xKygXwF3,156578.0,74.0,4.0
Bad Bunny;Chencho Corleone,Un Verano Sin Ti,178567,0.911,0.712,0,0.0901,0.425,92.005,4,latin,3RQQmkQEvNCY4prGKE6oc5,178567.0,88.6,6.0
Bad Bunny;Jhay Cortez,EL ÚLTIMO TOUR DEL MUNDO,205090,0.731,0.573,0,0.401,0.145,109.928,4,latin,2d9BCZeAAhiZWPpbX9aPCW,205090.0,81.0,5.0
Bad Bunny;Drake,X 100PRE,210367,0.816,0.538,0,0.0142,0.156,97.054,4,latino,7CjJb2mikwAWA1V6kewFBF,210367.0,75.0,5.0
Bring Me The Horizon,Sempiternal (Expanded Edition),228146,0.15,0.859,0,0.00201,0.354,170.527,5,metal,6IYPmM3xsOPL2XPSvf1ZAz,228146.0,61.2,4.0
Bring Me The Horizon;BABYMETAL,POST HUMAN: SURVIVAL HORROR,220041,0.434,0.929,1,0.000207,0.428,92.541,4,metal,0e1WaSNDZnoPixaxDNdWo4,220041.0,63.8,8.0
Deftones,Diamond Eyes,241533,0.367,0.634,1,0.000824,0.0964,89.981,4,metal,1GjjBpY2iDwSQs5bykQI5e,241533.0,75.0,4.0
Deftones,Diamond Eyes,241533,0.367,0.634,1,0.000824,0.0964,89.981,4,metal,1GjjBpY2iDwSQs5bykQI5e,241533.0,75.0,4.0
Steven Wilson,The Raven That Refused to Sing (and Other Stories),457250,0.447,0.343,1,0.0419,0.0777,123.904,4,metal,2xJFvV7JzoYYMere5rqjVf,457250.0,47.0,5.0
TOOL,Fear Inoculum,713191,0.415,0.53,0,0.00209,0.0586,114.174,1,metal,7acEciVtnuTzmwKptkjth5,713191.0,64.0,4.0
Deftones,Koi No Yokan,413346,0.285,0.613,1,0.0185,0.0772,126.628,4,metal,4PIVdqvL1Rc7T7Vfsr8n8Q,413346.0,73.0,6.0
Bring Me The Horizon,amo,227265,0.615,0.858,1,0.00393,0.323,97.038,4,metalcore,04mkS7FooK8fRbB626T9NR,227265.0,57.7,6.0
Loathe,I Let It in and It Took Everything,287627,0.563,0.721,1,0.00213,0.11,110.027,3,metalcore,6nUUV3haj8ug8okTmOyIU2,287627.0,57.3,6.0
OneRepublic,"I Ain’t Worried (Music From The Motion Picture ""Top Gun: Maverick"")",148485,0.704,0.797,1,0.0826,0.825,139.994,4,piano,04PEOM6kIEeq9lRp1asNP2,148485.0,96.0,4.0
Fiona Apple,Fetch The Bolt Cutters,237713,0.528,0.504,0,0.559,0.712,141.369,3,piano,0fO1KemWL2uCCQmM22iKlj,237713.0,59.0,7.0
The Weeknd,After Hours,200040,0.514,0.73,1,0.00146,0.334,171.005,4,pop,4yP0hdKOZPNshxUOjY0cZj,200040.0,90.0,7.0
The Weeknd;Daft Punk,Starboy,230453,0.679,0.587,1,0.141,0.486,186.003,4,pop,2ODvWsOgouMbaA5xf0RkJe,230453.0,89.0,5.0
The Weeknd;Daft Punk,Starboy,230453,0.679,0.587,1,0.141,0.486,186.003,4,pop,2ODvWsOgouMbaA5xf0RkJe,230453.0,89.0,5.0
Ed Sheeran,÷ (Deluxe),263400,0.599,0.448,1,0.163,0.168,95.05,3,pop,3T4tUhGYeRNVUGevb0wThu,263400.0,86.5,4.0
Ed Sheeran,÷ (Deluxe),263400,0.599,0.448,1,0.163,0.168,95.05,3,pop,3T4tUhGYeRNVUGevb0wThu,263400.0,86.5,2.0
The Weeknd;Gesaffelstein,"My Dear Melancholy,",241066,0.323,0.737,1,0.142,0.155,113.26,4,pop,4qZBW3f2Q8y0k1A84d4iAO,241066.0,89.5,5.0
Justin Bieber,Justice,153190,0.601,0.741,1,0.185,0.441,153.96,4,pop,5dGWwsZ9iB2Xc3UKR0gif2,153190.0,87.0,3.0
Harry Styles,Fine Line,174000,0.548,0.816,1,0.122,0.557,95.39,4,pop,7xV2TzoaVc0ycW7fwBwAml,174000.0,89.0,5.0
Harry Styles,Harry's House,167303,0.52,0.731,0,0.342,0.662,173.93,4,pop,5r36AJ6VOJtp00oxSkBZ5h,167303.0,92.0,6.0
Harry Styles,Harry's House,167303,0.52,0.731,0,0.342,0.662,173.93,4,pop,5r36AJ6VOJtp00oxSkBZ5h,167303.0,92.0,6.0
Harry Styles,Harry's House,167303,0.52,0.731,0,0.342,0.662,173.93,4,pop,5r36AJ6VOJtp00oxSkBZ5h,167303.0,92.0,6.0
Coldplay,A Head Full of Dreams,258266,0.491,0.693,0,0.211,0.412,90.027,4,pop,3cfAM8b8KqJRoIzt3zLKqw,258266.0,85.0,5.0
Justin Bieber,Purpose (Deluxe),233720,0.609,0.378,1,0.835,0.515,100.418,4,pop,6Fr2rQkZ383FcMqFyT7yPr,233720.0,83.0,5.0
Olivia Rodrigo,SOUR,242013,0.561,0.431,1,0.768,0.137,143.875,4,pop,6s84u2TUpR3wdUv4NgKA2j,242013.0,87.4,7.0
The Weeknd,Beauty Behind The Madness,242253,0.585,0.564,0,0.0671,0.137,113.003,4,pop,0P3oVJBFOv3TDXlYRhGL7s,242253.0,88.0,5.0
Taylor Swift,folklore,261922,0.532,0.623,1,0.538,0.403,89.937,4,pop,2fenSS68JI1h4Fo296JfGr,261922.0,86.0,7.0
Taylor Swift,reputation,236413,0.615,0.534,0,0.106,0.193,135.917,4,pop,6DEjYFkNZh67HP7R9PSZvv,236413.0,88.0,4.0
Taylor Swift,Lover,221306,0.359,0.543,1,0.492,0.453,68.534,4,pop,1NAmidJlEaVgA3MpcPFYGq,221306.0,85.0,6.0
Weezer,Weezer,258826,0.634,0.551,1,0.00737,0.453,151.779,4,power-pop,1xpGyKyV26uPstk1Elgp9Q,258826.0,66.3,8.0
Weezer,Weezer,258826,0.634,0.551,1,0.00737,0.453,151.779,4,power-pop,1xpGyKyV26uPstk1Elgp9Q,258826.0,66.3,8.0
Weezer,Weezer,258826,0.634,0.551,1,0.00737,0.453,151.779,4,power-pop,1xpGyKyV26uPstk1Elgp9Q,258826.0,66.3,4.0
Weezer,Weezer,258826,0.634,0.551,1,0.00737,0.453,151.779,4,power-pop,1xpGyKyV26uPstk1Elgp9Q,258826.0,66.3,6.0
Weezer,OK Human,202703,0.384,0.628,0,0.126,0.394,161.438,4,power-pop,0dL9rGQxUeIqpiUndXaQLl,202703.0,47.5,8.0
Weezer,SZNZ: Summer,208920,0.658,0.773,1,0.000901,0.66,100.006,4,power-pop,1DvBf2E2OgU8HAjgInLT6H,208920.0,56.0,5.0
Weezer,SZNZ: Summer,208920,0.658,0.773,1,0.000901,0.66,100.006,4,power-pop,1DvBf2E2OgU8HAjgInLT6H,208920.0,56.0,5.0
Weezer,Pacific Daydream,195893,0.53,0.867,1,0.02,0.74,175.981,4,power-pop,3EwfQtjvyRAXsPWAKO5FDP,195893.0,54.0,4.0
The New Pornographers,Together,212786,0.324,0.528,1,0.0163,0.47,150.721,4,power-pop,5xB1vlldYNgaPU9HGBmr4x,212786.0,22.0,7.0
The New Pornographers,Together,212786,0.324,0.528,1,0.0163,0.47,150.721,4,power-pop,5xB1vlldYNgaPU9HGBmr4x,212786.0,22.0,7.0
Beach Slang,The Things We Do To Find People Who Feel Like Us,149130,0.196,0.877,1,4.1e-05,0.211,144.488,4,power-pop,7MV1nOXOJ2AD5387yP9e5R,149130.0,21.0,7.0
Pond,Man It Feels Like Space Again,283394,0.379,0.86,1,0.000391,0.407,128.213,4,psych-rock,60aAmcYX5tw7r9ZQ1HF34q,283394.0,48.5,6.0
Unknown Mortal Orchestra,Multi-Love,250800,0.784,0.506,0,0.571,0.544,120.139,4,psych-rock,2aoI8tkPq9NBvGiARD0KoR,250800.0,60.0,8.0
The Avalanches,Wildflower,252800,0.472,0.805,1,0.0491,0.512,94.922,4,psych-rock,0j0djiGxLnBiW7meVc2PER,252800.0,57.0,7.0
The Avalanches;MGMT;Johnny Marr,We Will Always Love You,187586,0.557,0.863,0,0.104,0.373,105.362,4,psych-rock,755yBlrk0Sz8tIgMMTgyr1,187586.0,57.5,5.0
Perfume Genius,Too Bright,230719,0.418,0.547,1,0.211,0.13,131.983,4,psych-rock,571wQuGuOOLTbbyYoujGra,230719.0,51.0,8.0
Black Mountain,IV,544070,0.279,0.652,0,0.143,0.127,74.512,4,psych-rock,6htkNwZqRyGKXjWpCKuoSl,544070.0,57.0,7.0
Parquet Courts,Human Performance,171746,0.589,0.857,1,0.00144,0.661,111.451,4,psych-rock,234xgzAxSozAKfXeLb2ofh,171746.0,26.0,7.0
blink-182,NINE,191066,0.615,0.81,0,0.0358,0.728,143.054,4,punk-rock,4gARZz9eV7zbGbtOjhVTPF,191066.0,64.0,2.0
Conway the Machine;Ludacris;JID,La Maquina,209117,0.855,0.478,1,0.0684,0.355,135.987,4,r-n-b,35C2QYq4OgkEXETksStyzz,209117.0,66.0,7.0
Twenty One Pilots,Blurryface,214506,0.645,0.713,1,0.00835,0.566,74.989,4,rock,3cQO7jp5S9qLBoIVtbkSM1,214506.0,83.5,4.0
Twenty One Pilots,Trench,324466,0.609,0.674,0,0.0735,0.315,90.009,4,rock,621cXqrTSSJi1WqDMSLmbL,324466.0,76.0,8.0
Aries,WELCOME HOME,180789,0.548,0.63,1,0.0111,0.338,75.972,4,sad,2NDlOOZNBvq6B26feV4gJc,180789.0,56.4,6.0
Sufjan Stevens,Carrie & Lowell,279316,0.435,0.104,0,0.973,0.162,120.484,4,singer-songwriter,64xtjfsPHNHch0CZ7fPTjS,279316.0,68.8,7.0
Descendents,Hypercaffium Spazzinate (Deluxe Edition),105864,0.435,0.986,0,0.00756,0.856,192.055,4,ska,2hGGxQXnZpKXPmQJUgLGXS,105864.0,32.0,5.0
Frank Ocean,Blonde,184516,0.545,0.545,1,0.667,0.549,159.94,3,soul,3mH6qwIy9crq0I9YQbOuDf,184516.0,73.6,8.0
Frank Ocean,channel ORANGE,234093,0.913,0.603,1,0.0272,0.497,123.061,4,soul,392p3shh2jkxUxY2VHvlH8,234093.0,75.2,7.0
The Internet;KAYTRANADA,Ego Death,415613,0.568,0.42,0,0.536,0.453,79.89,4,soul,69g3CtOVg98TPOwqmI2K7Q,415613.0,68.0,5.0
Dijon,Absolutely,184767,0.747,0.531,1,0.266,0.785,88.009,4,soul,4E691gbRgo2Zb6ToII2DWO,184767.0,69.0,7.0
ABBA,Voyage,309160,0.445,0.337,1,0.412,0.381,75.041,3,swedish,0uUtGVj0y9FjfKful7cABY,309160.0,56.3,5.0
Chairlift,Something,207306,0.498,0.795,1,0.00482,0.762,172.564,4,synth-pop,4nYzn3xOXQsltWZ5AIQns7,207306.0,56.0,7.0
Chairlift,Something,207306,0.498,0.795,1,0.00482,0.762,172.564,4,synth-pop,4nYzn3xOXQsltWZ5AIQns7,207306.0,56.0,7.0
La Roux,Trouble In Paradise,246179,0.598,0.625,1,0.026,0.319,125.652,4,synth-pop,5RDoYTf4YYNQby1ECCwR2C,246179.0,25.0,8.0
FKA twigs;The Weeknd,CAPRISONGS,196760,0.616,0.717,1,0.194,0.72,167.99,4,trip-hop,3G77BQuJy3jahjdkKQNNNM,196760.0,52.3,8.0
FKA twigs;The Weeknd,CAPRISONGS,196760,0.616,0.717,1,0.194,0.72,167.99,4,trip-hop,3G77BQuJy3jahjdkKQNNNM,196760.0,52.3,8.0
FKA twigs;The Weeknd,CAPRISONGS,196760,0.616,0.717,1,0.194,0.72,167.99,4,trip-hop,3G77BQuJy3jahjdkKQNNNM,196760.0,52.3,8.0
FKA twigs,MAGDALENE,204066,0.431,0.284,1,0.871,0.229,98.317,1,trip-hop,3DMR3yM5crnt1dG9lLaMTZ,204066.0,53.2,7.0
Little Dragon,Ritual Union,210266,0.7,0.738,1,0.0381,0.796,144.035,4,trip-hop,1BQVdofe7ROnSoaiC9418p,210266.0,59.0,8.0
Boards of Canada,Tomorrow's Harvest,287403,0.575,0.576,0,0.0245,0.0363,135.998,4,trip-hop,159ORixBSSemxiualv1Woj,287403.0,42.0,6.0
